id_cliente,nombre,apellidos,email,telefono,fecha_nacimiento,ciudad,cod_postal,gasto_mensual,frecuencia_compra,ultima_compra
1,Luis,López,luis.lópez_1@example.com,643321819,1997-11-07,Madrid,28001,74.34,3,2024-12-27
2,Manuel,López,manuel.lópez_2@example.com,683863794,1960-07-31,Valencia,46023,217.35,2,2025-02-02
3,Elena,Rodríguez,elena.rodríguez_3@example.com,616155940,2001-03-20,Sevilla,41010,65.7,4,2024-12-11
4,Manuel,Álvarez,manuel.álvarez_4@example.com,693103413,1969-01-22,Murcia,30002,282.98,5,2025-02-09
5,Alberto,Álvarez,alberto.álvarez_5@example.com,634192832,2001-06-21,Murcia,30002,593.92,10,2024-12-03
6,Iván,Ruiz,iván.ruiz_6@example.com,650305641,1978-12-05,Zaragoza,50001,400.15,6,2024-12-09
7,Noelia,Martín,noelia.martín_7@example.com,642388496,1995-10-31,Zaragoza,50001,598.45,2,2024-12-26
8,Javier,García,javier.garcía_8@example.com,601226916,1994-03-27,Valladolid,47010,165.82,8,2025-02-28
9,Luis,Ramos,luis.ramos_9@example.com,645146270,1983-08-18,Valencia,46001,524.9,4,2024-12-10
10,Laura,Castro,laura.castro_10@example.com,632528809,1989-01-29,Valladolid,47001,84.88,5,2025-01-21
11,Raúl,Pérez,raúl.pérez_11@example.com,639117182,1971-07-09,Valladolid,47010,115.77,8,2024-12-14
12,Sergio,Gómez,sergio.gómez_12@example.com,683465787,1970-11-09,Málaga,29002,57.14,0,2024-12-16
13,Iván,Ruiz,iván.ruiz_13@example.com,693010310,1989-08-23,Sevilla,41002,181.52,7,2025-02-02
14,Iván,Martín,iván.martín_14@example.com,699737631,1968-09-11,Murcia,30002,265.68,7,2025-02-23
15,Luis,Pérez,luis.pérez_15@example.com,665133387,1972-07-29,Murcia,30001,181.56,3,2025-02-20
16,Noelia,Ramos,noelia.ramos_16@example.com,610801326,2003-07-27,Valladolid,47001,521.5,0,2025-02-08
17,Patricia,López,patricia.lópez_17@example.com,664746872,1977-01-13,Bilbao,48001,581.85,9,2024-12-22
18,Juan,Moreno,juan.moreno_18@example.com,600978820,2005-07-23,Sevilla,41002,59.74,1,2024-12-05
19,Raúl,Romero,raúl.romero_19@example.com,619399091,1997-08-11,Zaragoza,50002,138.47,5,2025-01-30
20,Lucía,Romero,lucía.romero_20@example.com,624751079,1968-12-20,Sevilla,41002,313.41,2,2025-01-16
21,Carmen,Ruiz,carmen.ruiz_21@example.com,654278498,1960-09-13,Bilbao,48003,80.08,2,2025-01-27
22,Luis,Rodríguez,luis.rodríguez_22@example.com,682449353,1983-09-07,Valladolid,47002,545.1,0,2025-02-18
23,Sergio,Hernández,sergio.hernández_23@example.com,600524278,1998-05-15,Madrid,28001,63.64,2,2024-12-22
24,Juan,Álvarez,juan.álvarez_24@example.com,698262045,1963-07-31,Zaragoza,50001,415.6,10,2025-02-16
25,Alberto,Ramos,alberto.ramos_25@example.com,669232260,1976-02-03,Zaragoza,50002,485.3,3,2025-01-26
26,Pedro,Rodríguez,pedro.rodríguez_26@example.com,660733754,1980-06-01,Málaga,29001,402.82,6,2025-01-18
27,Lucía,García,lucía.garcía_27@example.com,645868501,1983-06-08,Valencia,46021,42.19,9,2025-01-05
28,Alberto,Moreno,alberto.moreno_28@example.com,669816934,1963-12-25,Murcia,30001,321.55,8,2024-12-04
29,Marta,Álvarez,marta.álvarez_29@example.com,661595148,1987-09-30,Murcia,30002,253.39,4,2024-12-21
30,Sara,Gómez,sara.gómez_30@example.com,666299468,1960-01-14,Bilbao,48002,141.91,9,2024-12-14
31,Elena,Torres,elena.torres_31@example.com,677387214,1990-01-26,Sevilla,41002,410.22,3,2025-02-04
32,Sara,López,sara.lópez_32@example.com,603791769,1977-06-11,Murcia,30002,251.8,2,2024-12-08
33,Ana,Rodríguez,ana.rodríguez_33@example.com,663287083,1970-11-20,Valladolid,47001,484.82,10,2024-12-24
34,Iván,Castro,iván.castro_34@example.com,657986872,2002-08-02,Valladolid,47002,456.03,10,2025-01-25
35,Laura,Domínguez,laura.domínguez_35@example.com,634714345,1988-09-06,Sevilla,41002,107.48,6,2024-12-03
36,Sara,Gómez,sara.gómez_36@example.com,616658760,1978-07-22,Murcia,30002,544.81,9,2024-12-02
37,Ana,Gil,ana.gil_37@example.com,667054668,1979-10-14,Valladolid,47001,178.3,7,2025-02-26
38,Patricia,Moreno,patricia.moreno_38@example.com,662729806,1962-06-07,Sevilla,41010,98.71,7,2025-02-06
39,Juan,Hernández,juan.hernández_39@example.com,665375564,1997-10-26,Bilbao,48001,292.78,8,2025-02-23
40,Alberto,Ruiz,alberto.ruiz_40@example.com,610033092,1981-05-26,Valencia,46023,408.29,9,2025-02-02
41,Noelia,Hernández,noelia.hernández_41@example.com,652991241,1962-04-21,Bilbao,48003,412.86,6,2025-01-10
42,Marta,García,marta.garcía_42@example.com,693149190,1991-02-24,Murcia,30007,234.93,8,2024-12-09
43,Elena,López,elena.lópez_43@example.com,667165726,1975-10-20,Bilbao,48003,488.76,8,2024-12-30
44,Noelia,Navarro,noelia.navarro_44@example.com,694531473,2001-09-09,Murcia,30002,36.65,5,2025-02-06
45,Javier,Gómez,javier.gómez_45@example.com,654549480,1977-02-20,Sevilla,41002,437.64,7,2024-12-20
46,Raúl,Domínguez,raúl.domínguez_46@example.com,677014363,1987-06-21,Zaragoza,50002,341.01,5,2025-01-06
47,Iván,Moreno,iván.moreno_47@example.com,657444313,1988-04-22,Sevilla,41002,131.09,7,2025-01-25
48,Rosa,Vázquez,rosa.vázquez_48@example.com,694134352,1987-02-12,Madrid,28012,93.42,0,2025-02-23
49,Iván,Díaz,iván.díaz_49@example.com,627109477,1999-07-08,Zaragoza,50001,579.99,4,2024-12-30
50,Luis,García,luis.garcía_50@example.com,667190229,1987-04-05,Sevilla,41002,88.7,6,2024-12-14
51,Manuel,Castro,manuel.castro_51@example.com,638677496,1987-05-25,Madrid,28012,576.86,1,2025-02-03
52,Marta,Hernández,marta.hernández_52@example.com,612328120,1996-08-25,Valladolid,47010,364.41,4,2025-02-25
53,Raúl,Díaz,raúl.díaz_53@example.com,647134936,1970-04-18,Málaga,29002,546.88,2,2025-02-20
54,Juan,Sánchez,juan.sánchez_54@example.com,649947174,1996-02-10,Bilbao,48003,333.19,7,2025-02-19
55,Manuel,Pérez,manuel.pérez_55@example.com,665940139,1961-11-10,Bilbao,48003,43.33,2,2024-12-31
56,Laura,Torres,laura.torres_56@example.com,642967175,1996-08-19,Zaragoza,50002,408.68,2,2025-01-18
57,Sergio,Domínguez,sergio.domínguez_57@example.com,646807154,1989-01-01,Sevilla,41010,521.65,0,2024-12-07
58,Iván,Torres,iván.torres_58@example.com,660385977,1964-08-18,Málaga,29004,338.55,4,2025-01-04
59,Javier,Rodríguez,javier.rodríguez_59@example.com,609324808,1996-08-08,Sevilla,41002,595.51,1,2025-01-01
60,Luis,Martín,luis.martín_60@example.com,674846773,2000-12-23,Valencia,46023,130.55,9,2024-12-26
61,Sara,García,sara.garcía_61@example.com,646584044,2003-12-05,Valencia,46023,332.38,5,2025-01-18
62,Iván,Ramos,iván.ramos_62@example.com,667533963,1996-11-07,Madrid,28003,451.93,6,2025-01-11
63,Sara,Domínguez,sara.domínguez_63@example.com,602895171,2000-12-28,Madrid,28002,257.79,10,2025-02-10
64,Carmen,Domínguez,carmen.domínguez_64@example.com,645961586,1988-05-29,Valladolid,47010,40.82,1,2025-01-30
65,Diego,Ruiz,diego.ruiz_65@example.com,616117240,1964-02-16,Zaragoza,50001,190.15,5,2025-01-05
66,Sara,Ruiz,sara.ruiz_66@example.com,686922219,1994-04-27,Málaga,29010,549.44,2,2025-01-31
67,Noelia,Hernández,noelia.hernández_67@example.com,674074821,1999-08-18,Zaragoza,50007,193.51,6,2024-12-03
68,Lucía,Torres,lucía.torres_68@example.com,643671369,1992-03-15,Bilbao,48003,191.23,10,2025-01-10
69,Lucía,López,lucía.lópez_69@example.com,690974395,1979-08-25,Málaga,29004,413.1,10,2024-12-04
70,Sara,Rodríguez,sara.rodríguez_70@example.com,604709521,1986-06-23,Zaragoza,50007,260.99,3,2025-02-13
71,Iván,Álvarez,iván.álvarez_71@example.com,688424745,1970-05-01,Valladolid,47001,101.64,3,2024-12-05
72,Patricia,Ramos,patricia.ramos_72@example.com,651604817,1993-01-24,Bilbao,48003,240.99,10,2025-01-13
73,Luis,Ruiz,luis.ruiz_73@example.com,670985931,2001-08-26,Bilbao,48003,256.81,2,2025-02-24
74,Juan,Díaz,juan.díaz_74@example.com,671138267,1993-04-14,Murcia,30007,450.52,2,2025-01-07
75,Luis,Domínguez,luis.domínguez_75@example.com,696405377,1981-03-07,Zaragoza,50001,588.94,5,2024-12-22
76,Alberto,Pérez,alberto.pérez_76@example.com,664317139,1961-11-30,Madrid,28003,161.27,2,2024-12-19
77,Marta,García,marta.garcía_77@example.com,683933529,1960-04-02,Bilbao,48001,592.77,8,2025-01-28
78,Pedro,Rodríguez,pedro.rodríguez_78@example.com,602053950,1975-08-19,Bilbao,48001,93.52,6,2024-12-24
79,Luis,García,luis.garcía_79@example.com,677589178,1979-11-16,Madrid,28012,194.95,10,2025-02-26
80,Juan,Domínguez,juan.domínguez_80@example.com,666177115,1973-04-22,Sevilla,41002,179.51,10,2024-12-17
81,Iván,Moreno,iván.moreno_81@example.com,669847896,1968-11-23,Sevilla,41002,269.44,3,2025-01-08
82,Elena,Torres,elena.torres_82@example.com,666156545,1973-09-10,Valladolid,47001,72.91,1,2025-02-18
83,Sergio,Rodríguez,sergio.rodríguez_83@example.com,652809885,1970-12-19,Murcia,30002,526.69,6,2025-02-23
84,Diego,Castro,diego.castro_84@example.com,645198327,1980-02-13,Sevilla,41005,510.32,5,2025-02-15
85,Lucía,Gil,lucía.gil_85@example.com,636899809,1983-12-29,Madrid,28002,178.5,4,2025-01-17
86,Alberto,López,alberto.lópez_86@example.com,622961201,1979-04-20,Murcia,30002,283.11,2,2025-01-13
87,Diego,Moreno,diego.moreno_87@example.com,699102290,1967-04-27,Bilbao,48002,403.92,7,2024-12-14
88,Noelia,Navarro,noelia.navarro_88@example.com,643815614,2003-08-28,Bilbao,48001,147.9,9,2025-02-22
89,Ana,Gómez,ana.gómez_89@example.com,643244510,2004-08-15,Murcia,30001,94.93,8,2024-12-01
90,Raúl,Vázquez,raúl.vázquez_90@example.com,685160607,1966-12-26,Zaragoza,50007,268.98,6,2024-12-01
91,Sergio,Díaz,sergio.díaz_91@example.com,616052975,1967-11-27,Murcia,30001,161.12,9,2025-01-09
92,Laura,García,laura.garcía_92@example.com,664535218,1970-03-25,Málaga,29004,223.64,10,2025-02-11
93,Raúl,Rodríguez,raúl.rodríguez_93@example.com,624329212,2004-04-30,Valladolid,47010,460.73,7,2024-12-04
94,Rosa,Castro,rosa.castro_94@example.com,655271774,1984-08-22,Madrid,28003,314.26,4,2025-01-01
95,Noelia,Pérez,noelia.pérez_95@example.com,605411998,1994-06-29,Valladolid,47010,341.5,0,2025-01-03
96,Rosa,Gómez,rosa.gómez_96@example.com,659782071,1990-10-23,Sevilla,41002,42.7,7,2025-01-04
97,Laura,Vázquez,laura.vázquez_97@example.com,692554665,1964-09-11,Zaragoza,50001,211.22,8,2024-12-05
98,Patricia,Díaz,patricia.díaz_98@example.com,649251925,1987-10-31,Murcia,30001,365.12,1,2025-01-21
99,Iván,Romero,iván.romero_99@example.com,652816850,1992-07-12,Bilbao,48001,571.68,5,2024-12-29
100,Marta,Ruiz,marta.ruiz_100@example.com,622141888,1963-05-21,Zaragoza,50007,96.01,6,2025-02-10
101,Pedro,Sánchez,pedro.sánchez_101@example.com,692706537,1985-07-24,Valladolid,47001,329.73,4,2024-12-31
102,Marta,Álvarez,marta.álvarez_102@example.com,697746886,1974-07-16,Málaga,29002,526.34,0,2024-12-09
103,Javier,Álvarez,javier.álvarez_103@example.com,681814124,2000-04-23,Valencia,46023,73.19,3,2025-01-03
104,Alberto,López,alberto.lópez_104@example.com,660685361,1993-08-20,Málaga,29001,204.84,1,2024-12-08
105,Elena,Martín,elena.martín_105@example.com,620472779,1960-06-21,Sevilla,41001,168.44,2,2024-12-21
106,Manuel,Vázquez,manuel.vázquez_106@example.com,661434103,1997-08-30,Valladolid,47001,84.3,7,2024-12-15
107,Iván,López,iván.lópez_107@example.com,689324609,1991-08-27,Málaga,29010,128.64,10,2025-02-19
108,Laura,Álvarez,laura.álvarez_108@example.com,618888806,2002-03-06,Madrid,28011,589.0,4,2025-02-27
109,Alberto,García,alberto.garcía_109@example.com,653195205,1990-05-16,Valencia,46023,588.88,7,2024-12-11
110,Pedro,Martín,pedro.martín_110@example.com,617043030,1988-04-24,Bilbao,48003,250.97,8,2024-12-31
111,Lucía,Pérez,lucía.pérez_111@example.com,634505415,1999-03-15,Murcia,30007,275.05,6,2025-01-17
112,Pedro,Domínguez,pedro.domínguez_112@example.com,675841616,1976-03-10,Bilbao,48002,79.51,5,2024-12-07
113,Diego,Díaz,diego.díaz_113@example.com,679627570,1991-08-18,Murcia,30002,390.89,0,2025-02-20
114,Patricia,Álvarez,patricia.álvarez_114@example.com,682029702,1966-01-12,Málaga,29004,230.05,9,2025-02-25
115,Manuel,Martín,manuel.martín_115@example.com,675571928,1992-12-02,Murcia,30002,396.75,3,2025-02-15
116,Ana,Sánchez,ana.sánchez_116@example.com,678681447,1979-04-02,Bilbao,48003,551.56,7,2025-02-04
117,Luis,Martín,luis.martín_117@example.com,617271551,1986-01-18,Bilbao,48001,432.85,10,2025-02-07
118,Alberto,Vázquez,alberto.vázquez_118@example.com,631323705,1993-02-04,Valladolid,47010,95.27,1,2025-02-21
119,Diego,Romero,diego.romero_119@example.com,678669125,1966-08-27,Valladolid,47002,414.46,5,2025-02-13
120,Iván,Gil,iván.gil_120@example.com,622680182,1987-04-14,Valencia,46002,207.14,3,2025-01-16
121,Laura,Díaz,laura.díaz_121@example.com,614384249,1968-05-19,Valencia,46002,119.3,9,2024-12-14
122,Elena,Gil,elena.gil_122@example.com,600109439,1997-05-16,Madrid,28011,535.62,8,2025-01-23
123,Diego,Domínguez,diego.domínguez_123@example.com,636471027,1997-04-15,Valladolid,47002,138.33,9,2025-02-11
124,Elena,Moreno,elena.moreno_124@example.com,656258815,1981-09-08,Valladolid,47001,175.13,3,2025-02-11
125,Luis,Pérez,luis.pérez_125@example.com,646963259,1988-01-21,Málaga,29002,308.99,8,2025-01-01
126,Javier,Díaz,javier.díaz_126@example.com,670168733,1991-08-29,Madrid,28001,183.19,9,2024-12-08
127,Javier,Díaz,javier.díaz_127@example.com,680162456,1992-10-30,Madrid,28011,49.67,8,2025-02-05
128,Alberto,Ramos,alberto.ramos_128@example.com,641687849,1970-08-29,Valencia,46001,248.46,5,2024-12-20
129,Alberto,Martín,alberto.martín_129@example.com,639868000,1972-04-17,Zaragoza,50002,321.21,2,2024-12-14
130,Laura,Martín,laura.martín_130@example.com,659526949,1990-03-06,Valladolid,47010,346.5,7,2025-02-27
131,Alberto,Moreno,alberto.moreno_131@example.com,616940974,1980-05-31,Madrid,28012,298.66,8,2024-12-11
132,Manuel,Romero,manuel.romero_132@example.com,623091307,1988-02-22,Murcia,30001,259.52,3,2025-01-08
133,Laura,Castro,laura.castro_133@example.com,670283857,1993-10-21,Zaragoza,50001,286.6,8,2025-01-17
134,Iván,Álvarez,iván.álvarez_134@example.com,649733484,1980-03-04,Bilbao,48002,428.84,7,2025-01-20
135,Javier,Álvarez,javier.álvarez_135@example.com,684419866,1990-12-18,Valencia,46021,44.4,1,2025-01-16
136,Noelia,Hernández,noelia.hernández_136@example.com,673384842,1969-10-19,Málaga,29002,49.44,8,2025-02-01
137,Raúl,Pérez,raúl.pérez_137@example.com,616571208,1974-03-03,Murcia,30007,562.32,7,2024-12-30
138,Marta,Díaz,marta.díaz_138@example.com,654019380,1975-09-15,Murcia,30001,561.68,0,2025-01-10
139,Javier,Sánchez,javier.sánchez_139@example.com,640049915,1985-07-12,Valladolid,47010,335.11,7,2025-02-12
140,Laura,Torres,laura.torres_140@example.com,643152742,1961-04-06,Zaragoza,50002,349.31,3,2025-02-07
141,Manuel,Romero,manuel.romero_141@example.com,668516122,2002-11-01,Zaragoza,50001,23.96,6,2025-01-30
142,Noelia,Hernández,noelia.hernández_142@example.com,654990453,1965-07-28,Sevilla,41010,197.95,6,2024-12-04
143,Laura,Díaz,laura.díaz_143@example.com,614593327,1973-09-28,Valladolid,47010,593.53,5,2025-01-07
144,Iván,Domínguez,iván.domínguez_144@example.com,683391878,1992-06-15,Sevilla,41001,55.82,8,2024-12-27
145,Marta,Gil,marta.gil_145@example.com,682258713,2003-11-08,Sevilla,41010,489.04,7,2025-02-13
146,Laura,Navarro,laura.navarro_146@example.com,679087406,1982-10-30,Madrid,28002,355.42,0,2025-01-06
147,Alberto,García,alberto.garcía_147@example.com,680170462,1972-02-24,Murcia,30002,595.86,6,2025-01-03
148,Patricia,Romero,patricia.romero_148@example.com,618251286,1971-06-04,Málaga,29001,458.58,4,2025-01-01
149,Iván,Navarro,iván.navarro_149@example.com,686337524,1976-11-28,Sevilla,41001,489.5,6,2024-12-13
150,Ana,Ruiz,ana.ruiz_150@example.com,631190790,1981-12-15,Madrid,28011,274.6,8,2025-02-02
151,Juan,Martín,juan.martín_151@example.com,684395995,1981-04-02,Bilbao,48001,591.7,8,2025-02-01
152,Sergio,Díaz,sergio.díaz_152@example.com,640892687,1964-03-16,Zaragoza,50007,409.38,8,2025-01-20
153,Sergio,Navarro,sergio.navarro_153@example.com,624628733,1986-12-24,Valencia,46023,550.55,8,2025-01-08
154,Sergio,Ramos,sergio.ramos_154@example.com,682634351,2000-05-08,Zaragoza,50001,330.67,3,2025-02-23
155,Lucía,Romero,lucía.romero_155@example.com,699013983,2003-01-03,Málaga,29004,195.85,0,2025-02-02
156,Marta,Rodríguez,marta.rodríguez_156@example.com,673936385,1985-05-24,Murcia,30002,329.52,5,2025-01-21
157,Lucía,Álvarez,lucía.álvarez_157@example.com,687717535,1988-01-27,Murcia,30001,346.26,3,2025-02-11
158,Ana,Hernández,ana.hernández_158@example.com,689964235,1980-08-20,Murcia,30007,503.35,7,2024-12-21
159,Elena,Hernández,elena.hernández_159@example.com,677725228,2003-10-23,Valencia,46001,323.89,1,2024-12-06
160,Juan,López,juan.lópez_160@example.com,662312038,2000-11-28,Zaragoza,50001,378.34,10,2024-12-13
161,Javier,Domínguez,javier.domínguez_161@example.com,600886008,1984-08-24,Bilbao,48001,311.29,10,2025-01-05
162,Pedro,Rodríguez,pedro.rodríguez_162@example.com,618233984,1991-10-19,Bilbao,48002,65.83,6,2025-01-02
163,Rosa,Ruiz,rosa.ruiz_163@example.com,634101666,2002-09-14,Madrid,28001,427.65,1,2024-12-28
164,Sergio,Moreno,sergio.moreno_164@example.com,691803397,1984-04-27,Madrid,28001,416.97,4,2024-12-22
165,Rosa,Pérez,rosa.pérez_165@example.com,625039261,1986-11-06,Valencia,46002,348.68,6,2024-12-05
166,Iván,Moreno,iván.moreno_166@example.com,662185016,1980-10-28,Sevilla,41005,371.0,9,2024-12-15
167,Patricia,Moreno,patricia.moreno_167@example.com,604773586,1998-09-28,Valencia,46023,69.7,9,2025-01-23
168,Raúl,García,raúl.garcía_168@example.com,614262655,1969-07-23,Sevilla,41001,566.92,7,2025-01-14
169,Lucía,Rodríguez,lucía.rodríguez_169@example.com,621267888,1996-08-09,Sevilla,41001,71.98,8,2025-02-18
170,Manuel,Castro,manuel.castro_170@example.com,656046618,1981-10-11,Valencia,46023,118.31,4,2025-01-22
171,Lucía,Domínguez,lucía.domínguez_171@example.com,621264647,1966-11-25,Zaragoza,50002,567.65,10,2024-12-28
172,Manuel,Castro,manuel.castro_172@example.com,637124065,1994-01-30,Zaragoza,50002,214.15,10,2024-12-15
173,Sara,Díaz,sara.díaz_173@example.com,659375265,1986-02-23,Valladolid,47010,473.55,5,2025-01-12
174,Lucía,Romero,lucía.romero_174@example.com,651939828,1962-05-31,Valladolid,47010,141.6,4,2024-12-03
175,Carmen,Navarro,carmen.navarro_175@example.com,672434266,1966-08-20,Valladolid,47010,297.96,6,2024-12-23
176,Laura,Navarro,laura.navarro_176@example.com,680589113,1991-11-06,Valencia,46001,346.67,10,2024-12-05
177,Patricia,Moreno,patricia.moreno_177@example.com,661014388,1979-10-30,Valladolid,47002,246.86,10,2024-12-16
178,Laura,Martín,laura.martín_178@example.com,650714611,1972-09-16,Zaragoza,50002,218.98,3,2024-12-25
179,Javier,Álvarez,javier.álvarez_179@example.com,671775140,1970-04-29,Madrid,28003,395.82,10,2025-02-08
180,Raúl,Vázquez,raúl.vázquez_180@example.com,628258673,1996-05-03,Valencia,46002,391.48,6,2025-01-10
181,Ana,Castro,ana.castro_181@example.com,637966033,1984-12-20,Sevilla,41001,483.71,8,2025-02-06
182,Alberto,Moreno,alberto.moreno_182@example.com,637147859,1994-11-12,Murcia,30007,86.25,5,2025-01-02
183,Manuel,Sánchez,manuel.sánchez_183@example.com,649912513,1987-05-25,Sevilla,41002,236.52,2,2024-12-26
184,Patricia,Navarro,patricia.navarro_184@example.com,692966278,1975-07-17,Valencia,46023,187.52,2,2025-01-20
185,Noelia,Castro,noelia.castro_185@example.com,605072368,2005-05-06,Valladolid,47002,417.12,6,2024-12-01
186,Noelia,Domínguez,noelia.domínguez_186@example.com,621903404,1980-03-03,Bilbao,48001,472.83,9,2024-12-28
187,Iván,Vázquez,iván.vázquez_187@example.com,619148580,1999-08-06,Málaga,29010,79.4,10,2025-01-29
188,Diego,Pérez,diego.pérez_188@example.com,674517133,1991-06-16,Murcia,30001,377.37,3,2025-02-03
189,Juan,Gil,juan.gil_189@example.com,658498254,1985-12-15,Bilbao,48003,591.58,10,2025-02-17
190,Sara,Navarro,sara.navarro_190@example.com,604223253,1995-03-26,Valladolid,47001,354.91,4,2024-12-11
191,Sergio,Romero,sergio.romero_191@example.com,671168457,2003-10-14,Zaragoza,50007,21.43,1,2025-01-02
192,Alberto,García,alberto.garcía_192@example.com,686363745,1985-06-10,Zaragoza,50007,355.2,9,2024-12-29
193,Elena,Pérez,elena.pérez_193@example.com,601701277,1960-01-23,Murcia,30001,597.5,2,2024-12-08
194,Diego,Sánchez,diego.sánchez_194@example.com,641541520,1995-07-23,Bilbao,48003,425.68,3,2025-01-06
195,Carmen,Rodríguez,carmen.rodríguez_195@example.com,603712938,1999-12-05,Madrid,28001,423.45,1,2025-01-06
196,Sara,Domínguez,sara.domínguez_196@example.com,613611155,1986-11-05,Valencia,46023,468.61,2,2024-12-09
197,Sara,García,sara.garcía_197@example.com,689092753,1973-07-31,Murcia,30007,418.21,3,2025-02-18
198,Luis,Martín,luis.martín_198@example.com,619656523,1984-11-05,Sevilla,41002,340.97,9,2024-12-14
199,Diego,López,diego.lópez_199@example.com,643898364,1964-11-23,Málaga,29010,243.81,3,2024-12-28
200,Manuel,García,manuel.garcía_200@example.com,680552696,1992-10-12,Valencia,46023,573.58,1,2025-02-27
201,Rosa,García,rosa.garcía_201@example.com,604300684,2004-12-13,Murcia,30002,427.05,1,2024-12-10
202,Iván,Ramos,iván.ramos_202@example.com,692414183,1973-12-09,Zaragoza,50002,360.13,10,2024-12-04
203,Carmen,Díaz,carmen.díaz_203@example.com,663031617,1964-12-08,Bilbao,48003,450.18,2,2025-02-14
204,Ana,Martín,ana.martín_204@example.com,602758842,1993-05-12,Valencia,46021,445.1,1,2025-02-26
205,Elena,Navarro,elena.navarro_205@example.com,648149177,2005-10-28,Zaragoza,50001,309.77,9,2025-02-08
206,Alberto,Sánchez,alberto.sánchez_206@example.com,641913800,1961-02-06,Málaga,29001,293.62,6,2025-02-10
207,Pedro,Pérez,pedro.pérez_207@example.com,686353654,1966-12-27,Zaragoza,50001,311.18,0,2025-02-07
208,Raúl,Vázquez,raúl.vázquez_208@example.com,606174451,2000-12-22,Madrid,28003,136.39,9,2025-01-22
209,Manuel,Ruiz,manuel.ruiz_209@example.com,675973832,1960-07-27,Murcia,30001,155.14,5,2024-12-10
210,Ana,Moreno,ana.moreno_210@example.com,606413836,2004-02-21,Madrid,28002,432.76,1,2025-02-24
211,Raúl,Vázquez,raúl.vázquez_211@example.com,665719182,1995-05-19,Sevilla,41001,272.29,2,2025-01-30
212,Diego,Hernández,diego.hernández_212@example.com,656557431,1978-03-09,Valencia,46001,110.14,2,2025-01-03
213,Noelia,Moreno,noelia.moreno_213@example.com,661853747,1983-10-10,Sevilla,41001,111.42,10,2025-01-22
214,Manuel,Pérez,manuel.pérez_214@example.com,635213568,1964-05-23,Bilbao,48002,495.65,2,2025-02-26
215,Patricia,Torres,patricia.torres_215@example.com,688317121,1961-01-26,Madrid,28002,95.81,6,2025-01-13
216,Carmen,Gil,carmen.gil_216@example.com,694101372,1968-04-01,Zaragoza,50001,44.76,7,2025-02-23
217,Pedro,Gil,pedro.gil_217@example.com,666706625,1979-04-06,Valencia,46021,182.32,2,2025-02-25
218,Manuel,Castro,manuel.castro_218@example.com,693476870,1967-11-14,Bilbao,48002,99.6,3,2024-12-09
219,Laura,Ruiz,laura.ruiz_219@example.com,680657875,2005-01-26,Zaragoza,50002,176.85,0,2025-01-20
220,Manuel,Ruiz,manuel.ruiz_220@example.com,604078593,1974-04-27,Sevilla,41002,400.98,4,2024-12-23
221,Juan,Ruiz,juan.ruiz_221@example.com,696522395,1992-03-09,Madrid,28003,569.58,9,2025-02-11
222,Rosa,Gómez,rosa.gómez_222@example.com,678427010,1980-11-13,Málaga,29001,325.34,0,2025-01-18
223,Manuel,Gómez,manuel.gómez_223@example.com,625250029,1972-09-15,Sevilla,41005,577.12,5,2024-12-01
224,Patricia,Gil,patricia.gil_224@example.com,615452267,1988-06-18,Valencia,46021,149.48,9,2025-02-07
225,Patricia,Díaz,patricia.díaz_225@example.com,642209690,1976-05-02,Zaragoza,50007,148.12,9,2025-02-16
226,Javier,Martín,javier.martín_226@example.com,651355215,2000-01-26,Madrid,28003,141.62,1,2025-01-16
227,Lucía,Rodríguez,lucía.rodríguez_227@example.com,600676267,1993-12-22,Zaragoza,50007,237.7,7,2024-12-18
228,Raúl,Sánchez,raúl.sánchez_228@example.com,671040541,1966-08-28,Zaragoza,50001,535.0,2,2025-02-20
229,Iván,García,iván.garcía_229@example.com,659970629,1998-12-14,Valencia,46001,78.73,3,2025-02-05
230,Sergio,Ramos,sergio.ramos_230@example.com,684443106,2004-01-17,Valencia,46001,229.28,6,2025-02-18
231,Diego,Castro,diego.castro_231@example.com,673103241,2002-06-26,Sevilla,41005,475.23,7,2024-12-29
232,Lucía,García,lucía.garcía_232@example.com,686256527,1964-01-02,Bilbao,48002,289.73,3,2025-01-26
233,Rosa,Pérez,rosa.pérez_233@example.com,621158693,1965-06-21,Murcia,30007,262.81,8,2024-12-04
234,Javier,Gil,javier.gil_234@example.com,637416089,1973-03-24,Sevilla,41010,120.27,2,2025-02-02
235,Marta,Martín,marta.martín_235@example.com,606163294,1988-09-07,Sevilla,41001,245.1,6,2024-12-21
236,Elena,Hernández,elena.hernández_236@example.com,687099861,1997-03-07,Valencia,46002,348.62,9,2025-02-17
237,Luis,Gil,luis.gil_237@example.com,614856467,2002-06-09,Madrid,28002,179.74,2,2024-12-12
238,Manuel,Romero,manuel.romero_238@example.com,606530745,1961-10-24,Zaragoza,50002,200.35,7,2024-12-02
239,Luis,Ruiz,luis.ruiz_239@example.com,624754691,1976-11-10,Valladolid,47001,549.79,6,2024-12-29
240,Laura,Álvarez,laura.álvarez_240@example.com,608214862,1962-08-06,Valencia,46002,527.6,3,2025-02-22
241,Raúl,Pérez,raúl.pérez_241@example.com,670534578,1995-08-12,Sevilla,41001,160.32,7,2024-12-15
242,Noelia,Sánchez,noelia.sánchez_242@example.com,679855241,1985-07-29,Madrid,28011,48.8,9,2025-02-02
243,Raúl,Ruiz,raúl.ruiz_243@example.com,634680072,1975-07-16,Madrid,28002,166.39,4,2024-12-01
244,Lucía,Navarro,lucía.navarro_244@example.com,665743748,1995-08-18,Sevilla,41001,316.68,10,2025-01-13
245,Iván,Castro,iván.castro_245@example.com,694417154,1989-03-03,Bilbao,48002,400.55,10,2025-01-22
246,Marta,Martín,marta.martín_246@example.com,683096520,2004-08-14,Bilbao,48002,546.01,6,2025-01-11
247,Juan,Gil,juan.gil_247@example.com,693538758,1986-12-06,Valencia,46002,190.39,7,2025-02-13
248,Lucía,Ramos,lucía.ramos_248@example.com,625135346,1989-09-21,Zaragoza,50002,359.63,7,2025-02-14
249,Javier,Pérez,javier.pérez_249@example.com,699917381,1994-03-29,Bilbao,48002,51.36,2,2025-02-12
250,Marta,Moreno,marta.moreno_250@example.com,669725217,1989-11-03,Valencia,46021,388.01,0,2025-01-03
251,Lucía,Gómez,lucía.gómez_251@example.com,629271296,1998-07-10,Murcia,30002,579.89,6,2025-03-01
252,Juan,Ramos,juan.ramos_252@example.com,635058300,1982-04-28,Málaga,29004,201.01,1,2025-01-11
253,Laura,Gil,laura.gil_253@example.com,642104478,1990-04-23,Murcia,30007,597.37,5,2024-12-29
254,Alberto,Gómez,alberto.gómez_254@example.com,626033230,2005-04-09,Valencia,46001,232.62,10,2025-02-25
255,Patricia,Hernández,patricia.hernández_255@example.com,689090100,1970-05-22,Murcia,30002,240.55,8,2025-01-28
256,Javier,Martín,javier.martín_256@example.com,630461849,1972-04-21,Murcia,30001,316.72,9,2025-02-14
257,Diego,Rodríguez,diego.rodríguez_257@example.com,617393483,1992-02-10,Murcia,30002,113.02,8,2024-12-28
258,Marta,Domínguez,marta.domínguez_258@example.com,653001197,1973-05-19,Sevilla,41001,439.67,1,2025-01-28
259,Raúl,Torres,raúl.torres_259@example.com,644701204,1992-04-25,Zaragoza,50002,448.35,1,2025-02-24
260,Ana,Martín,ana.martín_260@example.com,625579415,1990-09-30,Valencia,46001,252.45,7,2025-01-26
261,Patricia,Domínguez,patricia.domínguez_261@example.com,662120216,2003-04-21,Valladolid,47001,374.57,5,2024-12-13
262,Ana,Martín,ana.martín_262@example.com,677167014,1988-03-10,Madrid,28012,465.17,9,2024-12-19
263,Raúl,Moreno,raúl.moreno_263@example.com,688916375,1994-07-12,Valencia,46001,26.75,2,2024-12-27
264,Javier,Domínguez,javier.domínguez_264@example.com,621753540,2005-06-24,Málaga,29010,253.9,3,2025-02-19
265,Noelia,Torres,noelia.torres_265@example.com,697177517,1961-08-05,Sevilla,41010,259.16,8,2024-12-21
266,Ana,García,ana.garcía_266@example.com,699488375,1992-08-06,Madrid,28002,509.7,5,2024-12-20
267,Manuel,Castro,manuel.castro_267@example.com,675711305,1991-11-11,Bilbao,48003,322.75,1,2025-02-24
268,Pedro,Domínguez,pedro.domínguez_268@example.com,626149331,1995-04-01,Málaga,29010,498.24,3,2025-01-17
269,Luis,Navarro,luis.navarro_269@example.com,609177982,2004-10-01,Madrid,28012,447.0,8,2025-01-05
270,Rosa,Domínguez,rosa.domínguez_270@example.com,682922169,1988-11-15,Murcia,30002,588.11,3,2025-01-25
271,Patricia,Moreno,patricia.moreno_271@example.com,647226984,1988-02-29,Málaga,29002,141.63,4,2024-12-04
272,Alberto,Martín,alberto.martín_272@example.com,628851587,1997-06-14,Bilbao,48002,488.82,8,2025-02-16
273,Ana,Romero,ana.romero_273@example.com,620034244,1973-02-19,Madrid,28003,138.32,8,2025-02-25
274,Alberto,Torres,alberto.torres_274@example.com,619838638,1985-10-21,Madrid,28011,244.78,10,2025-01-20
275,Iván,Pérez,iván.pérez_275@example.com,604397359,1977-08-16,Málaga,29004,280.31,10,2025-02-20
276,Pedro,Sánchez,pedro.sánchez_276@example.com,681606484,1971-09-02,Valencia,46021,23.27,7,2024-12-01
277,Sara,Pérez,sara.pérez_277@example.com,625909479,1992-02-15,Sevilla,41005,324.73,2,2024-12-25
278,Carmen,Vázquez,carmen.vázquez_278@example.com,626886153,1979-02-21,Zaragoza,50002,229.26,3,2024-12-12
279,Laura,Domínguez,laura.domínguez_279@example.com,680157399,1981-11-15,Madrid,28003,241.2,1,2025-01-11
280,Lucía,Ramos,lucía.ramos_280@example.com,640858877,1963-12-07,Bilbao,48003,131.66,8,2025-02-19
281,Luis,Sánchez,luis.sánchez_281@example.com,688013361,1978-06-11,Murcia,30007,493.72,1,2024-12-04
282,Sara,López,sara.lópez_282@example.com,675011024,1966-04-27,Málaga,29004,256.43,7,2024-12-11
283,Patricia,Navarro,patricia.navarro_283@example.com,650618091,1964-01-31,Sevilla,41005,558.27,1,2025-01-23
284,Diego,Castro,diego.castro_284@example.com,614766072,1979-09-22,Valencia,46023,482.13,8,2025-01-23
285,Sara,Díaz,sara.díaz_285@example.com,650882100,1995-05-10,Sevilla,41005,141.83,5,2025-02-02
286,Sergio,Vázquez,sergio.vázquez_286@example.com,622239431,1976-04-08,Madrid,28012,287.53,8,2025-02-20
287,Diego,García,diego.garcía_287@example.com,641397552,1981-01-15,Sevilla,41005,379.32,3,2025-01-20
288,Javier,Torres,javier.torres_288@example.com,659492995,1988-05-18,Murcia,30001,22.8,3,2025-02-01
289,Sergio,Hernández,sergio.hernández_289@example.com,652577754,2003-09-09,Sevilla,41002,394.42,1,2025-01-25
290,Sara,Ramos,sara.ramos_290@example.com,634110809,1996-05-06,Málaga,29001,339.92,8,2024-12-22
291,Javier,Martín,javier.martín_291@example.com,656394278,2005-10-16,Sevilla,41010,231.04,0,2024-12-07
292,Raúl,Castro,raúl.castro_292@example.com,628272299,1973-02-11,Valladolid,47002,43.44,7,2025-01-31
293,Carmen,Hernández,carmen.hernández_293@example.com,653038567,2000-10-14,Madrid,28001,588.74,5,2025-02-16
294,Laura,Hernández,laura.hernández_294@example.com,649892665,1966-12-25,Bilbao,48002,584.15,3,2024-12-25
295,Patricia,Álvarez,patricia.álvarez_295@example.com,657790827,1974-11-09,Málaga,29001,318.43,4,2025-02-02
296,Sara,Sánchez,sara.sánchez_296@example.com,625913651,2003-03-14,Valladolid,47002,142.21,2,2024-12-09
297,Sergio,López,sergio.lópez_297@example.com,630299228,1963-07-08,Valencia,46001,116.48,2,2024-12-25
298,Patricia,Castro,patricia.castro_298@example.com,690413797,2003-03-19,Valencia,46002,501.61,9,2025-02-11
299,Rosa,Sánchez,rosa.sánchez_299@example.com,698425799,1966-03-05,Málaga,29010,243.57,1,2025-02-27
300,Marta,Vázquez,marta.vázquez_300@example.com,686291279,1963-07-03,Sevilla,41001,299.7,2,2024-12-14
